{
    "DAR_MSE": 4155.93994140625,
    "DAR_Entropy": 5.054068639219655,
    "DAR_NLL": 9081.1904296875,
    "VAR_MSE": 4068.937992113911,
    "VAR_Entropy": 0.7546730220813904,
    "VAR_NLL": 452118.3688822903,
    "ARIMA_MSE": 4070.3248104882136,
    "ARIMA_Entropy": 0.8574139655676964,
    "ARIMA_NLL": 460814.0421143435
}