{
    "DAR_MSE": 4162.5654296875,
    "DAR_Entropy": 4.8339938731753715,
    "DAR_NLL": 9767.189453125,
    "VAR_MSE": 4068.937992113911,
    "VAR_Entropy": 0.7546730220813904,
    "VAR_NLL": 452118.3688822903,
    "ARIMA_MSE": 4070.3248104882136,
    "ARIMA_Entropy": 0.8574139655676964,
    "ARIMA_NLL": 460814.0421143435
}